premise	hypothesis	label
这个市场很有吸引力。	市场是无穷无尽的	not_entailment
市场是无止境的	这个市场很有吸引力。	not_entailment
主人很生气。	主人正在沸腾	not_entailment
主人正在沸腾	主人很生气。	not_entailment
铁匠很热。	铁匠很着迷	not_entailment
铁匠着迷。	铁匠很热。	not_entailment
这个混合效果糟透了。	这个组合充满活力	not_entailment
这个组合充满活力	这个混合效果糟透了。	not_entailment
这个奖品很有价值。	这个奖没希望了	not_entailment
这个奖没希望了	这个奖品很有价值。	not_entailment
医生感到失望。	这个医生疯了。	not_entailment
医生疯了。	医生感到失望。	not_entailment
这个主体很悲伤。	主体很愤怒	not_entailment
主体很愤怒	主体很悲伤。	not_entailment
地面很脏。	地面在愤怒	not_entailment
大地在震怒	地面很脏。	not_entailment
天气很糟糕。	天气潮湿	not_entailment
天气潮湿	天气很糟糕。	not_entailment
路易斯是正向的。	刘易斯非常活泼	not_entailment
刘易斯很有活力	路易斯是正向的。	not_entailment
汤很烫。	这汤很奇怪	not_entailment
这汤很奇怪	汤很烫。	not_entailment
这个理论很有趣。	该理论很无力	not_entailment
该理论很无力	这个理论很有趣。	not_entailment
铁匠是必需的。	铁匠很可怕	not_entailment
这个铁匠很可怕	铁匠是必不可少的。	not_entailment
海洋是危险的。	海洋一尘不染	not_entailment
海洋清澈无暇	海洋是危险的。	not_entailment
蓝牙很好。	蓝牙很快	not_entailment
蓝牙连接很快	蓝牙很好。	not_entailment
公众有能力。	公众是完美的。	not_entailment
公众是完美的。	公众是有能力的。	not_entailment
参考文献很重要。	参考文献部分很紧急。	not_entailment
参考书目匮乏	参考文献很重要。	not_entailment
这个女孩很有吸引力。	这个女孩肤色较深。	not_entailment
这个女孩肤色较深。	这个女孩很有吸引力。	not_entailment
这首歌的说唱部分很暴力。	这个说唱很怪异	not_entailment
这个说唱很奇特	这首说唱歌曲含有暴力元素。	not_entailment
这场游猎太疯狂了。	这场游猎令人着迷。	not_entailment
野生动物园非常吸引人	这个野生动物园太疯狂了。	not_entailment
这味道令人不悦。	味道已耗尽	not_entailment
滋味已尽	这味道令人不悦。	not_entailment
洞见很有价值。	洞见是私人的	not_entailment
洞察力是私人的	洞见很有价值。	not_entailment
这个梦很吓人。	梦想令人着迷	not_entailment
梦想是迷人的	这个梦很吓人。	not_entailment
时机不对。	这个时机令人惊讶	not_entailment
这个时机令人惊叹。	时机不对。	not_entailment
真相是可怕的。	真相是熟练的	not_entailment
真相是技术精湛的	真相是可怕的。	not_entailment
这个概念很巧妙。	这个概念很糟糕	not_entailment
这个概念很糟糕	这个创意很巧妙。	not_entailment
树林生长迅速。	树林很茂盛。	not_entailment
情况很疯狂。	情况非常棘手	not_entailment
情况很紧张	情况很疯狂。	not_entailment
岸边是湿的。	岸边十分凄凉	not_entailment
岸边十分凄凉	岸边是湿润的。	not_entailment
这种组合并不常见。	这个组合很糟糕	not_entailment
这个组合很糟糕	这种组合并不常见。	not_entailment
这个铁匠是有能力的。	铁匠绝望了	not_entailment
铁匠绝望了	这个铁匠是有能力的。	not_entailment
对话令人不悦。	这段对话无比珍贵	not_entailment
这段对话无比珍贵	对话令人不愉快。	not_entailment
泥土是湿的。	黏土是明智的	not_entailment
泥土是明智的	泥土是湿的。	not_entailment
这种材料很有价值。	这个材料很可爱	not_entailment
这种材料很可爱	这种材料很有价值。	not_entailment
这个男孩很聪明。	这个男孩令人讨厌	not_entailment
这个男孩令人讨厌	这个男孩很聪明。	not_entailment
经理很开心。	这位经理很稀有	not_entailment
这位经理很罕见	经理很开心。	not_entailment
果酱很美味。	果酱很聪明	not_entailment
果酱很聪明	果酱很好吃。	not_entailment
夜晚很安静。	夜晚充满欢乐	not_entailment
夜晚充满欢乐	夜晚很安静。	not_entailment
这个地区很吸引人。	这片区域价值连城	not_entailment
这片区域是无价的。	这个地区很吸引人。	not_entailment
这音乐很美。	这首音乐很奇特	not_entailment
这音乐很奇特	这音乐很好听。	not_entailment
油很热。	这油毫不费力	not_entailment
这款油使用起来毫不费力。	油很热。	not_entailment
房间很脏。	房间内洋溢着欢乐的气息	not_entailment
房间内洋溢着欢乐的气息	房间很脏。	not_entailment
这部电影很暴力。	这部电影很奇怪	not_entailment
这部电影很奇怪	这部电影很暴力。	not_entailment
希望渺茫。	希望丰富无比	not_entailment
希望是丰富的	希望渺茫。	not_entailment
世界很可怕。	世界正在被浸湿	not_entailment
世界正在沉浸其中	世界很可怕。	not_entailment
主是智慧的。	这位老爷很少见	not_entailment
这位大人很稀有	主是明智的。	not_entailment
设计很有吸引力。	设计很精湛	not_entailment
设计很巧妙	设计很吸引人。	not_entailment
处理速度很快。	处理很贫乏	not_entailment
处理过程很贫乏	处理速度很快。	not_entailment
世界是丑陋的。	世界是有技能的	not_entailment
世界是充满技能的。	世界是丑陋的。	not_entailment
这个解释很简单。	这个解释很单薄	not_entailment
这个解释很单薄	这个解释很简单。	not_entailment
树林生机勃勃。	这片树林很罕见。	not_entailment
这片树林很稀有	树林生机勃勃。	not_entailment
电流为正。	水流正好	not_entailment
水流很完美	电流为正。	not_entailment
强尼很危险。	约翰尼很高兴	not_entailment
这个孩子很高兴	强尼很危险。	not_entailment
这音乐很有味道。	这音乐令人绝望	not_entailment
这音乐令人绝望	这音乐很有味道。	not_entailment
豪华版很好。	豪华版很讨厌	not_entailment
豪华版令人讨厌	豪华版很好。	not_entailment
这个差异令人讨厌。	差异令人痴迷	not_entailment
差别令人痴迷	这个差异令人讨厌。	not_entailment
这对夫妇很开心。	这对夫妇欣喜若狂	not_entailment
这对夫妇欣喜若狂	这对夫妇很开心。	not_entailment
地球是湿润的。	地球欣喜若狂	not_entailment
地球欣喜若狂	地球是湿润的。	not_entailment
这个词是“大量”。	这个词是美味的。	not_entailment
这个词是美味的	这个词是“充足”。	not_entailment
陶工很担心。	陶工是湿的	not_entailment
陶工是湿的	陶工很担心。	not_entailment
海洋很脏。	大海是古老的	not_entailment
大海是古老的	大海很脏。	not_entailment
沙漠是干燥的。	沙漠充满生机	not_entailment
沙漠充满生机	沙漠很干燥。	not_entailment
天花板很薄。	天花板很明智	not_entailment
天花板很明智	天花板很薄。	not_entailment
这个故事很恐怖。	这个故事毫无希望	not_entailment
这个故事毫无希望	这个故事很吓人。	not_entailment
 gnome是睿智的。	地精非常出色	not_entailment
侏儒非常棒	侏儒很聪明。	not_entailment
化学反应令人惊讶。	化学反应无穷无尽	not_entailment
化学反应无穷无尽	化学反应令人惊讶。	not_entailment
国王累了。	国王很悲惨	not_entailment
国王很悲惨	国王累了。	not_entailment
女王很开心。	女王充满活力	not_entailment
女王充满活力	女王很开心。	not_entailment
消费者很高兴。	消费者是无价的	not_entailment
消费者是无价的	消费者很开心。	not_entailment
这首歌很合适。	这首歌很糟糕	not_entailment
这首歌很糟糕	这首歌很合适。	not_entailment
法律是丑陋的。	法律软弱无力	not_entailment
法律软弱无力	法律是丑陋的。	not_entailment
这个男人很胖。	这个男人很残暴	not_entailment
这个男人很残暴	这个男人很胖。	not_entailment
市长很担心。	市长非常愤怒	not_entailment
市长非常愤怒	市长很担心。	not_entailment
收音机很安静。	收音机正在发出狂怒的声音	not_entailment
收音机正在大声播放	收音机很安静。	not_entailment
问题很多。	问题层出不穷	not_entailment
问题无穷无尽	问题很多。	not_entailment
结局很有趣。	结局很惨烈	not_entailment
结局很残忍	结局很有趣。	not_entailment
这个孩子很有趣。	这个孩子沉默不语。	not_entailment
这个孩子沉默不语。	这个小孩很有趣。	not_entailment
问题在于脂肪。	这个问题很精彩	not_entailment
这个问题很精彩	问题在于肥胖。	not_entailment
雪是冷的。	雪很薄	not_entailment
雪很薄	雪是冷的。	not_entailment
皮肤很薄。	皮肤很甜	not_entailment
皮肤很甜美	皮肤很薄。	not_entailment
导演很生气。	这位导演很糟糕	not_entailment
这位导演很糟糕	导演很生气。	not_entailment
市场疯了。	市场很糟糕	not_entailment
市场很糟糕	市场疯了。	not_entailment
语气恰当。	音调很饱满	not_entailment
音调很饱满	语气适宜。	not_entailment
这个故事具有误导性。	这个故事湿漉漉的	not_entailment
这个故事很感人	这个故事具有误导性。	not_entailment
铁匠很厉害。	铁匠饿得要命	not_entailment
铁匠饿得要命	这个铁匠很出色。	not_entailment
这个胖子很胖。	脂肪很小	not_entailment
这个脂肪很小	脂肪就是脂肪。	not_entailment
这个食谱很美味。	这个食谱太难了	not_entailment
这个食谱太难了	这个食谱很美味。	not_entailment
陶艺家很开心。	这个陶工很丑陋	not_entailment
这个陶工很丑陋	陶艺家很开心。	not_entailment
水流很弱。	水流很细	not_entailment
水流很细	水流很弱。	not_entailment
这些陶器很多。	这个陶器非常精美	not_entailment
这些陶器非常精美	陶器很多。	not_entailment
经济状况不佳。	经济毫不费力	not_entailment
经济毫不费力	经济状况糟糕。	not_entailment
这句话很诡异。	这个写作充满活力	not_entailment
这部作品充满活力	这句话很吓人。	not_entailment
结果是高效的。	结果是私密的	not_entailment
结果是私密的	结果是高效的。	not_entailment
花店主很有人情味。	花店主很绝望	not_entailment
花店老板绝望了	花店很有人情味。	not_entailment
这枚戒指很值钱。	戒指是必不可少的	not_entailment
这枚戒指至关重要	这枚戒指很值钱。	not_entailment
世界很糟糕。	世界正在沸腾	not_entailment
世界正在沸腾	世界很糟糕。	not_entailment
斗争很艰难。	奋斗令人惊叹	not_entailment
奋斗令人惊叹	奋斗很艰难。	not_entailment
这个药物很危险。	该药物很有效。	not_entailment
该药物效果显著	这个药物很危险。	not_entailment
教育是必要的。	教育令人欣喜	not_entailment
教育令人感到欣喜。	教育是必要的。	not_entailment
这种情况很不寻常。	这个条件很诱人	not_entailment
这个条件很诱人	这种情况很不寻常。	not_entailment
态度是合适的。	态度决定一切	not_entailment
态度决定一切	态度合适。	not_entailment
这个细节令人惊讶。	细节丰富	not_entailment
细节很丰富	这个细节令人惊讶。	not_entailment
世界很小。	世界是迷人的	not_entailment
世界是迷人的	世界很小。	not_entailment
月亮很丑。	月儿活泼	not_entailment
月儿充满活力	月亮很丑。	not_entailment
这部卡通很可爱。	这部卡通很贫乏。	not_entailment
这部卡通很贫乏。	这个卡通很可爱。	not_entailment
吉米就在附近。	吉米疯了	not_entailment
吉米疯了。	吉米就在附近。	not_entailment
结果是暴力的。	结果令人着迷	not_entailment
结果令人着迷	结果是暴力的。	not_entailment
背景很好看。	背景具有风险	not_entailment
背景有风险	背景很好看。	not_entailment
这条公路很危险。	高速公路兴高采烈	not_entailment
高速公路极为欢畅	这条公路很危险。	not_entailment
吉米很好。	吉米正在沸腾	not_entailment
吉米正在沸腾	这个吉米很不错。	not_entailment
梦想是危险的。	这个梦想很愚蠢	not_entailment
这个梦想很愚蠢	梦想是危险的。	not_entailment
这种疾病很罕见。	这种病很可口	not_entailment
这种病很好吃。	这种病很罕见。	not_entailment
这部喜剧很悲观。	喜剧是罕见的	not_entailment
这部喜剧很罕见	这部喜剧很悲观。	not_entailment
铁匠很高兴。	铁匠很少见	not_entailment
铁匠很少见	铁匠很开心。	not_entailment
镜子很脏。	镜子很胖	not_entailment
镜子很胖	镜子很脏。	not_entailment
这种行为不常见。	该行为至关重要	not_entailment
行为至关重要	这种行为不常见。	not_entailment
床湿了。	这张床的价格过高。	not_entailment
这张床的价格过高。	床湿了。	not_entailment
吉米是干的。	吉米充满活力	not_entailment
吉米非常活泼	撬棍是干的。	not_entailment
老师很失望。	这位老师教课毫不费力	not_entailment
这位老师教起来毫不费力	老师很失望。	not_entailment
彩虹很美丽。	彩虹是无价的	not_entailment
彩虹是无价的	彩虹很美丽。	not_entailment
约瑟夫是必要的。	约瑟夫是古老的	not_entailment
约瑟夫是古老的	约瑟夫是必要的。	not_entailment
这条记录具有误导性。	记录完美无瑕	not_entailment
记录完美无瑕	这条记录具有误导性。	not_entailment
这部剧很丰富。	这部剧很罕见	not_entailment
这部戏剧很罕见	这部剧很丰富。	not_entailment
国王很开心。	国王是永无止境的	not_entailment
国王是无尽的	国王很开心。	not_entailment
这个时机很奇怪。	这个时机太离谱了	not_entailment
这个时机太离谱了	这个时间点很奇怪。	not_entailment
晚餐很美味。	晚餐是私人的	not_entailment
晚餐是私人的	晚餐很美味。	not_entailment
营销很巧妙。	这个营销活动值得注意。	not_entailment
这个营销值得注意。	这个营销很巧妙。	not_entailment
黎明时分天色蒙蒙。	黎明令人厌恶	not_entailment
黎明令人厌恶	黎明时分天色微明。	not_entailment
顾客很开心。	顾客沉默不语	not_entailment
顾客沉默不语	顾客很开心。	not_entailment
此举是合适的。	行动已经就绪	not_entailment
行动已经就绪	此举是合适的。	not_entailment
这个过程很危险。	这个过程完美无瑕	not_entailment
这个过程完美无瑕	这个过程很危险。	not_entailment
监狱很拥挤。	这个监狱很罕见	not_entailment
这个监狱很罕见	监狱很拥挤。	not_entailment
这个行走者很有趣。	步行者一尘不染	not_entailment
步行者一尘不染	这个行走者很有趣。	not_entailment
这座城市很忧虑。	这个城市极度危险	not_entailment
这个城市充满杀机	这座城市很担忧。	not_entailment
花店老板很亲切。	花店糟糕透了	not_entailment
花店很糟糕	花店老板很亲切。	not_entailment
刘易斯很有价值。	刘易斯非常出色	not_entailment
刘易斯非常出色	刘易斯很有价值。	not_entailment
高速公路很拥堵。	这条高速公路非常完美。	not_entailment
这条高速公路十分完美。	高速公路很拥堵。	not_entailment
这个房间令人毛骨悚然。	这个房间充满活力	not_entailment
这个房间充满活力	这个房间令人毛骨悚然。	not_entailment
这个面具很丑。	口罩是湿的	not_entailment
口罩是湿的	这个面具很丑陋。	not_entailment
地面是潮湿的。	地面是相邻的	not_entailment
地面相邻	地面是潮湿的。	not_entailment
芦苇很有价值。	芦苇极具诱惑力	not_entailment
芦苇极具诱惑力	芦苇很有价值。	not_entailment
这座城市很迷人。	这个城市热得像沸腾了一样	not_entailment
这座城市热得像沸腾了一样。	这座城市很有吸引力。	not_entailment
空间是宝贵的。	这个空间很美妙	not_entailment
这个空间很美妙	空间是宝贵的。	not_entailment
水很美。	水很微小	not_entailment
水很微小	水很美。	not_entailment
亚历山大很烦人。	亚历山大是一尘不染的	not_entailment
亚历山大是一尘不染的	亚历山大很烦人。	not_entailment
这项技术很高效。	这项技术是深奥的	not_entailment
这项技术是深奥的	这项技术很高效。	not_entailment
经理感到失望。	经理充满活力	not_entailment
这位经理充满活力	经理感到失望。	not_entailment
互联网不好。	互联网令人惊叹	not_entailment
互联网令人惊叹	互联网不好。	not_entailment
这个陶器很不寻常。	这个陶器非常巨大	not_entailment
这个陶器非常巨大	这个陶器很不寻常。	not_entailment
原因很不寻常。	原因属于个人隐私	not_entailment
原因属于个人隐私	原因非同寻常。	not_entailment
Alex 头脑不灵光。	亚历克斯筋疲力尽。	not_entailment
亚历克斯筋疲力尽	亚历克斯变暗了。	not_entailment
大脑是高效的。	心智至关重要	not_entailment
心智至关重要	思维是高效的。	not_entailment
天气很糟糕。	天气十分疲惫	not_entailment
天气很糟糕	天气很糟糕。	not_entailment
奥林匹克运动会长达很久。	奥林匹克正在被浸湿	not_entailment
奥林匹克正在被浸泡	奥林匹克是持久的。	not_entailment
内饰很吸引人。	内部很糟糕	not_entailment
内部环境很糟糕	内部很吸引人。	not_entailment
底部很干净。	底部含糖	not_entailment
底部含糖分	底部很干净。	not_entailment
海湾很美。	海湾十分美丽	not_entailment
海湾非常美丽	这个海湾很美。	not_entailment
这个孩子很聪明。	这个孩子非常漂亮	not_entailment
这个孩子非常漂亮	这个孩子很聪明。	not_entailment
市长很生气。	市长是最合适的	not_entailment
市长是最优选的	市长很生气。	not_entailment
真相是残酷的。	真相是愚蠢的	not_entailment
真相是荒谬的	真相是残酷的。	not_entailment
亚历山大（酒）很甜。	亚历山大很脏	not_entailment
亚历山大很脏	亚历山大很甜。	not_entailment
这条小溪很美。	小溪正在被浸湿	not_entailment
小溪浸湿了	这条小溪很美。	not_entailment
这些信息很有价值。	该信息令人着迷	not_entailment
这些信息令人着迷	这些信息很有价值。	not_entailment
夜晚凄凉。	夜晚至关重要	not_entailment
夜晚至关重要	夜晚凄凉。	not_entailment
这景象令人不悦。	景色湿润	not_entailment
景色湿润	这景象令人不悦。	not_entailment
核心是虚弱的。	核心已经成熟	not_entailment
核心已经成熟	核心是脆弱的。	not_entailment
这个游戏令人不愉快。	这场比赛很枯燥	not_entailment
这个游戏很枯燥	这个游戏很不好玩。	not_entailment
供应充足。	供应非常丰富	not_entailment
供应非常充足	供应充足。	not_entailment
国王很英明。	国王极具魅力	not_entailment
国王极具魅力	国王很英明。	not_entailment
这座房子很丑。	这座房子是最优的。	not_entailment
这座房子是最优的。	这座房子很丑。	not_entailment
逃跑很快。	逃跑的代价是极其高昂的。	not_entailment
逃跑的代价是极其高昂的	逃跑很快。	not_entailment
内部很好。	里面很吓人	not_entailment
内部很恐怖	内部很好。	not_entailment
出口很快。	出口非常好	not_entailment
出口非常好	出口很快。	not_entailment
结果是暴力的。	结果很弱	not_entailment
结果很微弱	结果是暴力的。	not_entailment
水牛很胖。	水牛很凶猛	not_entailment
水牛是令人敬畏的	水牛很肥。	not_entailment
这片林子很美。	林子结冰了	not_entailment
林中寒冷刺骨	这片树林很美。	not_entailment
天气不好。	天气很小	not_entailment
天气很小	天气不好。	not_entailment
这个公式很简单。	公式正在浸泡中	not_entailment
公式正在浸润	这个公式很简单。	not_entailment
化学很有趣。	化学彻底没希望了	not_entailment
化学彻底没希望了	化学很有趣。	not_entailment
这个物种并不常见。	该物种虚弱	not_entailment
这个物种很虚弱	该物种并不常见。	not_entailment
这段关系很不寻常。	这段关系充满活力	not_entailment
这段关系充满活力	这段关系很不寻常。	not_entailment
内部很干净。	内部很少见	not_entailment
内部很少见	内部很干净。	not_entailment
这本书很悲伤。	这本书是湿的。	not_entailment
这本书是湿的	这本书很悲伤。	not_entailment
这很不合身。	这适合度无穷无尽	not_entailment
这个搭配无穷无尽	这很奇怪。	not_entailment
未来很可怕。	未来令人厌恶	not_entailment
未来令人厌恶	未来很可怕。	not_entailment
聚会很热闹。	聚会带有风险	not_entailment
聚会很危险	聚会气氛热烈。	not_entailment
真相往往充满冲击力。	真相是臃肿的	not_entailment
真相是臃肿的	真相是暴力的。	not_entailment
未来是危险的。	未来是一尘不染的	not_entailment
未来一片光明	未来是充满危险的。	not_entailment
工作室光线昏暗。	这个工作室很脏	not_entailment
这个工作室很脏乱	工作室光线昏暗。	not_entailment
锻炼是必要的。	这个训练强度极大	not_entailment
这项运动非常激烈	锻炼是必要的。	not_entailment
这个标题很有趣。	这个标题令人恶心	not_entailment
这个标题令人厌恶	标题很有趣。	not_entailment
其余的绰绰有余。	其余的都很痛苦	not_entailment
其余都是痛苦的	其余的绰绰有余。	not_entailment
这座别墅已很成熟。	该别墅工艺精良	not_entailment
这座别墅工艺精良	这座别墅已很成熟。	not_entailment
这个女人很生气。	这个女人很挑剔	not_entailment
这个女人情况危急	这个女人很生气。	not_entailment
地毯是干的。	这块地毯很显眼。	not_entailment
这块地毯很显眼。	地毯是干的。	not_entailment
国王很生气。	国王已整装待发	not_entailment
国王已打包。	国王很生气。	not_entailment
这张图片具有误导性。	这张图片是相邻的。	not_entailment
这张图片是相邻的。	这张图片具有误导性。	not_entailment
记忆是宝贵的。	记忆力惊人	not_entailment
记忆力惊人	记忆是宝贵的。	not_entailment
杀戮是迅速的。	杀戮十分出色。	not_entailment
杀戮很出色。	杀戮是迅速的。	not_entailment
这台机器效率很高。	这台机器非常出色	not_entailment
这台机器非常出色	这台机器效率很高。	not_entailment
证据令人惊讶。	证据匮乏	not_entailment
证据匮乏	证据令人惊讶。	not_entailment
声音糟糕透了。	这个声音很显著	not_entailment
这个声音很显著	声音很糟糕。	not_entailment
房间很干燥。	房间是湿的	not_entailment
房间是湿的	房间很干燥。	not_entailment
停车位很充足。	停车场非常令人满意	not_entailment
停车场非常令人满意。	停车场车位充足。	not_entailment
这个地方很热闹。	这个地方很肥胖	not_entailment
这个地方过于拥挤。	这个地方很热闹。	not_entailment
这条河很脏。	这条河很窄	not_entailment
这条河很窄	这条河很脏。	not_entailment
这房子令人毛骨悚然。	这个房子很阴森恐怖	not_entailment
这个房子很阴森可怕	这房子令人毛骨悚然。	not_entailment
这句话的语气很奇怪。	这语气糟透了	not_entailment
这语气糟透了	语气很奇怪。	not_entailment
这个陶器很有智慧。	这些陶器已经打包好了。	not_entailment
陶瓷制品已打包好。	这陶器充满智慧。	not_entailment
冰是干的。	冰已经耗尽。	not_entailment
冰已经耗尽	冰是干燥的。	not_entailment
这个山谷很美。	山谷在愤怒	not_entailment
山谷在怒吼	这个山谷很美。	not_entailment
这条裙子很吸引人。	这条裙子糟透了	not_entailment
这件连衣裙糟透了。	这件连衣裙很有吸引力。	not_entailment
步行者很有效率。	步行者是必不可少的	not_entailment
步行者是必不可少的	步行者很有效率。	not_entailment
这个计划令人害怕。	计划是黑暗的	not_entailment
计划是黑暗的	这个计划令人害怕。	not_entailment
达科塔很拥挤。	达科他很肥胖	not_entailment
达科他州肥胖	达科他很拥挤。	not_entailment
吉米很开心。	这个吉米很奇怪	not_entailment
吉米很奇怪	吉米很开心。	not_entailment
这部动画片很有趣。	这部动画片很吸引人。	not_entailment
这部动画片很吸引人	这部动画片很有趣。	not_entailment
土壤很脏。	土壤有风险	not_entailment
土壤有风险	土壤很脏。	not_entailment
这个 hentai 很棒。	 hentai 是强大的	not_entailment
这部Hentai很厉害	 hentai 是好的。	not_entailment
大脑很聪明。	大脑反应迅速	not_entailment
大脑运转迅速	大脑很聪明。	not_entailment
房间很热闹。	房间过于拥挤	not_entailment
房间过于拥挤	房间很热闹。	not_entailment
房间很潮湿。	这个房间很凄惨	not_entailment
这个房间很悲惨	房间很潮湿。	not_entailment
草地是湿的。	草坪令人讨厌	not_entailment
草坪令人讨厌	草地是湿的。	not_entailment
该网络效率高。	网络至关重要	not_entailment
网络至关重要	网络效率很高。	not_entailment
这本书很可爱。	这本书很薄	not_entailment
这本书很薄	这本书很可爱。	not_entailment
这位先生很有趣。	mr先生熟了	not_entailment
mr熟了	这位先生很有趣。	not_entailment
市场需求旺盛。	市场是有技能的	not_entailment
市场是有技能的	市场需求强烈。	not_entailment
这个机器人很高效。	这个机器人是巨大的	not_entailment
这个机器人是巨大的	这个机器人效率很高。	not_entailment
休息室很热闹。	休息室很舒适漂亮	not_entailment
休息室很舒适漂亮	休息室很热闹。	not_entailment
耶稣是长久的。	耶稣绝望了	not_entailment
耶稣绝望了	耶稣是长久的。	not_entailment
斗争很艰难。	斗争是激烈的	not_entailment
斗争是激烈的	斗争很艰难。	not_entailment
市场是有效的。	这个市场很小	not_entailment
这个市场很小	市场是有效的。	not_entailment
这个家庭很快乐。	家庭是私人的	not_entailment
这个家庭是私人的。	这个家庭很快乐。	not_entailment
圣诞节令人感到悲伤。	圣诞节很小	not_entailment
圣诞节很小	圣诞节令人伤感。	not_entailment
奖品很有吸引力。	奖品正在挨饿	not_entailment
这个奖正在挨饿	这个奖品很有吸引力。	not_entailment
评估结果是积极的。	测评正在进行中	not_entailment
测评正在渗透	评估结果是积极的。	not_entailment
老板很聪明。	老板很完美	not_entailment
老板非常完美	老板很精明。	not_entailment
这个治疗很昂贵。	治疗很糟糕	not_entailment
这个治疗很糟糕	治疗费用昂贵。	not_entailment
世界正在愤怒。	世界正在沉浸其中	not_entailment
世界正在沉浸之中	世界在愤怒。	not_entailment
这个论点很无力。	这个论点很荒谬	not_entailment
这个论点很荒谬	这个论点很无力。	not_entailment
市场是聪明的。	市场表现极佳。	not_entailment
市场表现非常好	市场是聪明的。	not_entailment
这个广告很有趣。	这个广告很奇怪	not_entailment
这个广告很奇怪	这个广告很有趣。	not_entailment
这条路是干的。	这条路很拥堵	not_entailment
这条路很拥堵	这条路是干的。	not_entailment
这张票很贵。	这张票非常紧俏。	not_entailment
这张票至关重要。	这张票很贵。	not_entailment
音乐很欢快。	音乐很出色	not_entailment
音乐非常棒。	音乐充满活力。	not_entailment
这个婴儿很可爱。	这个婴儿很丰富	not_entailment
这个婴儿很丰富	这个婴儿很可爱。	not_entailment
气氛很危险。	气氛很诡异	not_entailment
气氛诡异	气氛很危险。	not_entailment
场景很糟糕。	这个场景很恐怖	not_entailment
这个场景很吓人	场景很糟糕。	not_entailment
这个主题很危险。	主题很罕见	not_entailment
这个主题很罕见	这个主题很危险。	not_entailment
这个消息很糟糕。	这则消息令人欣喜。	not_entailment
这则消息令人欣喜。	这个消息很糟糕。	not_entailment
这座别墅很快乐。	这座别墅很美味	not_entailment
这座别墅很可口	这座别墅很快乐。	not_entailment
这个想法很简单。	这个想法很微小	not_entailment
这个想法很小	这个想法很简单。	not_entailment
大厅里很拥挤。	大厅很愚蠢	not_entailment
大厅很愚蠢	大厅很拥挤。	not_entailment
气候很危险。	气候令人担忧	not_entailment
气候令人着迷	气候很危险。	not_entailment
这句话的翻译是：文字凄凉。	这写作令人绝望	not_entailment
这写作没希望了	这句话的翻译是：文字显得凄凉。	not_entailment
答案令人害怕。	答案很精彩	not_entailment
答案很精彩	答案令人害怕。	not_entailment
这个小镇很安静。	这个小镇已经成熟。	not_entailment
这个小镇已成熟。	这个小镇很安静。	not_entailment
结论是恰当的。	结论是紧接的	not_entailment
结论是相邻的	结论是恰当的。	not_entailment
神谕是高效的。	神谕是睿智的	not_entailment
神谕是睿智的	神谕是高效的。	not_entailment
信息很悲观。	这句话的意思是“这个消息令人欣喜”。	not_entailment
这条信息令人欣喜。	信息很悲观。	not_entailment
这笔交易很划算。	这笔交易太棒了	not_entailment
这笔交易太棒了	这个交易很诱人。	not_entailment
内部潮湿。	内部很拥挤	not_entailment
内部很拥挤	内部潮湿。	not_entailment
芦苇已老。	芦苇令人恐惧	not_entailment
芦苇令人恐惧	芦苇已老。	not_entailment
这条链很有价值。	这条链子很漂亮	not_entailment
这条链子很漂亮	这条链很有价值。	not_entailment
机会很多。	这个机会令人恐惧	not_entailment
这个机会令人恐惧	机会多多。	not_entailment
这部电影糟透了。	这部电影很值得关注。	not_entailment
这部电影很引人注目。	这部电影糟透了。	not_entailment
这个陶器很古老。	这个陶器非常完美。	not_entailment
这个陶器非常完美	这个陶器很古老。	not_entailment
这张图片具有误导性。	这张图像极好	not_entailment
这张图像非常好。	这张图片具有误导性。	not_entailment
记录是干净的。	该记录是智能的	not_entailment
该记录是智能的。	记录是干净的。	not_entailment
这张DVD质量不好。	这张DVD是私人的。	not_entailment
这张DVD是私人的。	这张DVD不好。	not_entailment
装修真难看。	装饰十分丰富	not_entailment
装饰十分丰富	装修糟透了。	not_entailment
这个街区很丑陋。	这个街区是最优的。	not_entailment
这个街区非常理想	这个街区很丑陋。	not_entailment
增长令人惊讶。	增长十分丰富	not_entailment
增长十分丰富	增长令人惊讶。	not_entailment
这个组合很美味。	组合起来毫不费力	not_entailment
组合起来毫不费力	这个组合味道很好。	not_entailment
这所房子很潮湿。	房子湿透了	not_entailment
房子湿透了	房子很潮湿。	not_entailment
身体累了。	身体充满风险	not_entailment
身体充满风险	身体疲惫。	not_entailment
医生很开心。	医生很可爱	not_entailment
医生很可爱	医生很高兴。	not_entailment
天空很稀薄。	天空疲倦了	not_entailment
天空疲惫不堪	天空很稀薄。	not_entailment
这笔钱很好。	这笔钱正在迅速增值或带来高收益	not_entailment
这笔钱正在迅速增加或增值	这笔钱很好。	not_entailment
检测结果为阳性。	gt相邻	not_entailment
gt是相邻的	检测结果为阳性。	not_entailment
咖啡馆很拥挤。	这家咖啡馆有风险。	not_entailment
这家咖啡馆有风险。	咖啡馆很拥挤。	not_entailment
心智是愚钝的。	心智令人恐惧	not_entailment
心智令人恐惧	心智愚钝。	not_entailment
这个地方很丑。	这个地方湿透了	not_entailment
这个地方湿透了	这个地方很丑陋。	not_entailment
地板是潮湿的。	地板很沮丧	not_entailment
地板很沮丧	地板是湿的。	not_entailment
总统很聪明。	总统很罕见	not_entailment
总统很罕见	总统很聪明。	not_entailment
吉米很好。	吉米很少见	not_entailment
吉米很少见	吉米很好。	not_entailment
这个家伙很有趣。	这个家伙很瘦	not_entailment
这个家伙很瘦	这个家伙很有趣。	not_entailment
这首曲子很合适。	曲调最佳	not_entailment
曲调最佳	这旋律很合适。	not_entailment
这只几内亚猪很快乐。	几内亚是无尽的	not_entailment
几内亚是无尽的	这只几内亚猪很快乐。	not_entailment
泥土砖是湿的。	这栋土坯房没希望了。	not_entailment
这栋土坯房没救了	泥土是湿的。	not_entailment
罗马数字不常见。	罗马人感到沮丧	not_entailment
罗马人感到沮丧	罗马数字是不常见的。	not_entailment
世界很拥挤。	世界正在结冰	not_entailment
世界正在冻结	世界很拥挤。	not_entailment
老鼠累了。	老鼠相邻	not_entailment
老鼠相邻。	老鼠累了。	not_entailment
市场很热闹。	市场很甜蜜	not_entailment
市场很繁荣	市场很热闹。	not_entailment
预报情况不佳。	预报非常明智	not_entailment
预测非常明智	预报情况不佳。	not_entailment
这个词令人不悦。	这个词是“熟练的”。	not_entailment
这个词是熟练的	这个词令人不悦。	not_entailment
这个角是奇数。	这个角度非常大	not_entailment
这个角度非常大	这个角是奇数。	not_entailment
这个问题是个人问题。	这个问题有风险	not_entailment
这个问题有风险	这个问题很私人。	not_entailment
烹饪很快。	这道菜烹饪得不够火候。	not_entailment
烹饪很弱	烹饪很快。	not_entailment
使用是适当的。	这个用法很美妙	not_entailment
这个用法很美妙	使用是合适的。	not_entailment
村庄很安静。	这个村庄是最优的。	not_entailment
这个村庄是最优的。	这个村庄很安静。	not_entailment
空气很甜美。	空气变得沉重	not_entailment
空气过于沉重	空气很甜美。	not_entailment
这个肥皂味道不错。	肥皂正在沸腾	not_entailment
肥皂正在沸腾	这个肥皂很好吃。	not_entailment
原因很简单。	原因就是肥胖	not_entailment
原因就是肥胖	原因很简单。	not_entailment
员工们感到失望。	员工们饿坏了	not_entailment
员工们饿坏了	员工们感到失望。	not_entailment
另一种选择是危险的。	另一种选择是完美无瑕	not_entailment
替代方案是完美无瑕的	另一种选择很危险。	not_entailment
政府很生气。	政府绝望了	not_entailment
政府绝望了	政府很生气。	not_entailment
狮子饿了。	狮子很可怕	not_entailment
狮子很可怕	狮子饿了。	not_entailment
公爵很可爱。	公爵已打包	not_entailment
公爵已打包	公爵很可爱。	not_entailment
这项技术是高效的。	这项技术是明智的	not_entailment
这项技术是明智的。	这项技术是高效的。	not_entailment
球是湿的。	这个球很可爱	not_entailment
这个球很可爱	球是湿的。	not_entailment
希腊人很不寻常。	希腊人喜欢吃甜食。	not_entailment
这个希腊人很甜	希腊人很不寻常。	not_entailment
这本书很有趣。	这本书很丰富	not_entailment
这本书很丰富	这本书很有趣。	not_entailment
这个DVD很容易。	这张DVD很弱	not_entailment
这张DVD很弱	这张DVD很容易播放。	not_entailment
铁匠铺没水了。	铁匠非常绝望	not_entailment
铁匠非常绝望	铁匠铺没水了。	not_entailment
公众感到失望。	公众感到疲惫不堪	not_entailment
公众疲惫不堪	公众感到失望。	not_entailment
吉米很坚强。	吉米是令人惊叹的	not_entailment
吉米是令人惊叹的	吉米很坚韧。	not_entailment
过渡很快。	过渡是智能的。	not_entailment
过渡是智能的。	过渡很快。	not_entailment
这段恋情很甜蜜。	这浪漫美妙无比	not_entailment
这段浪漫很美妙	这段恋情很甜蜜。	not_entailment
标题很吓人。	这个标题很丑陋	not_entailment
这个标题很丑陋	这个标题很吓人。	not_entailment
芦苇很小。	芦苇丰富繁多	not_entailment
芦苇丛生	芦苇很小。	not_entailment
这只猫很快乐。	这只猫很奇怪	not_entailment
这只猫很奇怪	这只猫很开心。	not_entailment
这个工作很吓人。	这个工作要命	not_entailment
这个工作要命	这份工作很吓人。	not_entailment
这张DVD很危险。	这张DVD非常愤怒	not_entailment
DVD正在大发雷霆	这张DVD很危险。	not_entailment
这个家伙很硬朗。	这个家伙着迷了	not_entailment
这个家伙着迷了	这家伙很硬朗。	not_entailment
工作室很安静。	这个工作室很搞笑	not_entailment
这个工作室很搞笑	工作室很安静。	not_entailment
这个泳池很漂亮。	这个泳池真漂亮	not_entailment
泳池很美	这个泳池很漂亮。	not_entailment
这位金发女性很有吸引力。	金发女子欣喜若狂	not_entailment
金发女子欣喜若狂	金发女郎很有吸引力。	not_entailment
这个孩子很漂亮。	这个小孩情况危急	not_entailment
这个孩子情况危急	这个孩子很漂亮。	not_entailment
这个国家疲惫不堪。	这个国家非常棒	not_entailment
这个国家非常棒	这个国家疲惫不堪。	not_entailment
摄录机很硬。	该摄录机是智能的。	not_entailment
摄录机是智能的	摄录机很坚硬。	not_entailment
菜单很美味。	菜单很迅速	not_entailment
菜单很便捷	菜单很好吃。	not_entailment
情况令人不悦。	情况糟糕透顶	not_entailment
情况很糟糕	情况令人不悦。	not_entailment
未来是艰难的。	未来是美好的	not_entailment
未来是美好的	未来是艰难的。	not_entailment
这台机器有能力。	机器正在沸腾	not_entailment
机器正在沸腾	这台机器很有能力。	not_entailment
这部电影很有趣。	这部电影令人惊叹。	not_entailment
这部电影令人惊叹。	这部电影很有趣。	not_entailment
这个地方很危险。	这个地方很小	not_entailment
这个地方很小	这个地方很危险。	not_entailment
重点很简单。	这句话的意思是：这一点很可爱	not_entailment
重点很可爱	这句话的意思是：重点很简单。	not_entailment
这座别墅很私密。	这座别墅很快	not_entailment
这座别墅很迅速。	这座别墅很私密。	not_entailment
联邦政府很弱。	英联邦是巨大的。	not_entailment
英联邦是巨大的。	联邦政府软弱无力。	not_entailment
这朵花很罕见。	这朵花很可怜	not_entailment
这朵花很可怜	这朵花很罕见。	not_entailment
盐很美味。	盐是智能的	not_entailment
盐是智能的	盐很美味。	not_entailment
厨房很拥挤。	厨房很可爱	not_entailment
厨房很可爱	厨房很拥挤。	not_entailment
目的很重要。	目的是完美的	not_entailment
目的是完美的	目的很重要。	not_entailment
互联网是必需的。	互联网正在沸腾	not_entailment
互联网正在沸腾	互联网是必需的。	not_entailment
气氛是积极的。	情绪疲惫	not_entailment
气氛疲惫不堪	气氛是积极的。	not_entailment
身体很高效。	身体是沉默的	not_entailment
身体保持沉默	身体是高效的。	not_entailment
刘易斯很漂亮。	刘易斯正在浸湿	not_entailment
刘易斯正在浸湿	刘易斯很美。	not_entailment
珠宝很小。	这句话的翻译是：这些珠宝很美味。	not_entailment
这个珠宝很美味	这件珠宝很小。	not_entailment
这座别墅很智能。	别墅里挤满了人	not_entailment
别墅里挤满了人。	这座别墅很智能。	not_entailment
这个差别令人惊讶。	这个差别是巨大的	not_entailment
这个差别是巨大的	这个差异令人惊讶。	not_entailment
购物者很担心。	这位购物者棒极了。	not_entailment
这位购物者棒极了。	购物者很担心。	not_entailment
作物已经成熟。	庄稼长得非常好	not_entailment
这作物真棒	庄稼成熟了。	not_entailment
该声明具有误导性。	该语句是湿的。	not_entailment
该语句是湿的	该声明具有误导性。	not_entailment
窗户很脏。	窗户被封死了	not_entailment
窗户被堵住了	窗户很脏。	not_entailment
公园很漂亮。	这个公园很骗人	not_entailment
这个公园很骗人	公园很漂亮。	not_entailment
老师很开心。	这位老师很丰富	not_entailment
这位老师很丰富	老师很开心。	not_entailment
这部电影很有趣。	这部电影很污秽	not_entailment
这部电影很龌龊	这部电影很有趣。	not_entailment
国王很胖。	这句话在英文中的表述不符合常规语义，因为“king”通常指的是国王，而“delicious”意为美味的，两者组合在一起在常规意义上无法构成合理表达。如果是在某种特定语境或创意表达下使用，可能需要具体分析其含义，但仅从字面意思翻译，并无合理解释。	not_entailment
这句话在英文中的表达不符合常规语境，因为“king”通常指的是国王，而“delicious”意为美味的，两者放在一起没有实际意义。如果是在某种特定语境下（比如比喻或玩笑），可以勉强翻译为：“国王是美味的”，但这样的翻译脱离语境也显得不合逻辑。	国王很胖。	not_entailment
松鸦并不常见。	松鸦很冒险	not_entailment
松鸦很冒险	松鸦不常见。	not_entailment
这个女人很有魅力。	这个女人肤色较深。	not_entailment
这个女人肤色黝黑	这个女人很有魅力。	not_entailment
这匹马很可爱。	这匹马很丑陋。	not_entailment
这匹马很丑陋。	这匹马很可爱。	not_entailment
这些陶器很薄。	这陶器质量很差。	not_entailment
这个陶器太糟糕了	这陶器很薄。	not_entailment
医生很生气。	医生很脏	not_entailment
医生很脏	医生很生气。	not_entailment
现实是令人悲伤的。	现实令人讨厌	not_entailment
现实令人讨厌	现实是令人悲伤的。	not_entailment
铁匠很担心。	这个铁匠很残暴	not_entailment
铁匠很残暴	铁匠很担心。	not_entailment
激光很有效率。	激光很高兴	not_entailment
激光很高兴	激光很高效。	not_entailment
最低限度是必要的。	最低点是令人愉快的	not_entailment
最低点是令人欣喜的	最低限度是必要的。	not_entailment
这块肉很好吃。	这块肉非常美味。	not_entailment
这块肉非常美味	这块肉很美味。	not_entailment
气氛阴暗。	气氛热烈	not_entailment
气氛热烈	气氛阴郁。	not_entailment
这首歌很恐怖。	这首歌太疯狂了	not_entailment
这首歌太疯狂了	这首歌很恐怖。	not_entailment
感觉是潮湿的。	这种感觉是愤怒的	not_entailment
这种感觉是愤怒的	感觉很潮湿。	not_entailment
打屁股是不好的。	 spanking令人着迷	not_entailment
 spanking令人着迷	打屁股是不好的。	not_entailment
大厅光线昏暗。	大厅是湿的	not_entailment
大厅是湿的	大厅光线昏暗。	not_entailment
甲板是湿的。	甲板状况糟透了	not_entailment
甲板状况糟糕透顶	甲板是湿的。	not_entailment
海滩充满生机。	海滩很危险	not_entailment
海滩很危险	海滩很热闹。	not_entailment
世界是充满智慧的。	世界令人厌恶	not_entailment
世界令人讨厌	世界是充满智慧的。	not_entailment
雄性已成熟。	男性很沮丧	not_entailment
该男性感到沮丧	雄性已经成熟。	not_entailment
时机是必要的。	时机已经成熟	not_entailment
时机已经成熟	时机是必要的。	not_entailment
这条狗很胖。	这条狗很聪明。	not_entailment
这条狗很聪明。	这条狗很胖。	not_entailment
这个陶器很有名。	这陶器工艺精湛。	not_entailment
这个陶器制作技艺精湛。	这个陶器很有名。	not_entailment
这本小册子很小。	这本小册子内容丰富。	not_entailment
这本小册子内容丰富。	这本小册子很小。	not_entailment
该行业已成熟。	这个领域糟透了	not_entailment
该行业状况糟糕	该行业已成熟。	not_entailment
这珠宝是旧的。	这句话的翻译是：“这珠宝真是滑稽可笑”。	not_entailment
这句话的翻译为：这些珠宝太好笑了	这件珠宝很古老。	not_entailment
替代方案是糟糕的。	另一种选择是悲惨的	not_entailment
另一种选择是悲惨的	另一种选择是糟糕的。	not_entailment
这表情很吓人。	这看起来很美味	not_entailment
这道菜看起来很美味。	这副样子很吓人。	not_entailment
人口已成熟。	人口众多	not_entailment
人口众多	人口已成熟。	not_entailment
顾客很生气。	该客户是私有的	not_entailment
客户是私有的	顾客很生气。	not_entailment
这个图案很不寻常。	这个图案太糟糕了	not_entailment
这个图案太糟糕了	这个模式很不寻常。	not_entailment
这项技术是可行的。	这项技术令人惊叹	not_entailment
这项技术令人惊叹	这项技术是可行的。	not_entailment
这部色情作品含有暴力内容。	这部色情作品技术高超。	not_entailment
这部色情作品技巧高超。	这部色情片含有暴力内容。	not_entailment
这个设计很可爱。	设计很吸引人	not_entailment
设计很吸引人	这个设计很可爱。	not_entailment
公主很开心。	公主一尘不染	not_entailment
公主一尘不染	公主很开心。	not_entailment
以下是暴力内容。	以下是危险的	not_entailment
以下是危险的	以下是暴力内容。	not_entailment
这个标题具有误导性。	这个头衔是无价的	not_entailment
这个头衔是无价之宝	这个标题具有误导性。	not_entailment
结局很合适。	结局很精彩	not_entailment
结局很精彩	结局很合适。	not_entailment
斗争是必要的。	斗争是微小的	not_entailment
斗争是微小的	斗争是必要的。	not_entailment
这片树林很贫瘠。	林子里挤满了人。	not_entailment
林子里挤满了人。	这棵树丛很贫瘠。	not_entailment
土地很丰饶。	大地欢腾	not_entailment
大地欢腾	这片土地十分丰饶。	not_entailment
内部装饰很漂亮。	内部很甜美	not_entailment
内部很甜美	内部很不错。	not_entailment
这音乐很烦人。	这首音乐很罕见。	not_entailment
这首音乐很稀有。	这音乐很烦人。	not_entailment
院子很脏。	院子极具吸引力	not_entailment
这个庭院充满诱惑。	院子里很脏。	not_entailment
这张照片很可爱。	这幅画令人震撼	not_entailment
这幅画令人震撼。	这张照片很可爱。	not_entailment
景色荒凉。	景色令人着迷	not_entailment
景色令人着迷	景色暗淡。	not_entailment
这部电影令人不悦。	这部电影非常棒。	not_entailment
这部电影非常棒	这部电影令人不快。	not_entailment
这只猫很有趣。	这只猫着迷了	not_entailment
这只猫着迷了。	这只猫很有趣。	not_entailment
解决方案令人惊讶。	解决方案已经成熟	not_entailment
解决方案已经成熟	解决方案令人惊讶。	not_entailment
铁匠很伤心。	铁匠身上一尘不染	not_entailment
铁匠身上一尘不染	铁匠很伤心。	not_entailment
进展是积极的。	这个发展令人讨厌	not_entailment
该发展令人讨厌	发展是积极的。	not_entailment
英联邦很有趣。	英联邦糟糕透了	not_entailment
英联邦糟透了	英联邦很有趣。	not_entailment
真相很重要。	真相很可笑	not_entailment
真相极其可笑	真相很重要。	not_entailment
这油漆很脏。	这幅画色彩绝望	not_entailment
这幅画色彩令人感到绝望	这颜料脏了。	not_entailment
这个提议很有吸引力。	这个提议有风险	not_entailment
这个提议有风险	这个提议很有吸引力。	not_entailment
这座城市很拥挤。	这座城市很美味	not_entailment
这座城市很美味	这座城市很拥挤。	not_entailment
法官很明智。	法官令人厌恶	not_entailment
法官令人厌恶	法官很睿智。	not_entailment
这颜色很漂亮。	颜色鲜艳夺目	not_entailment
颜色鲜艳夺目	这颜色很漂亮。	not_entailment
这个词是悲伤的。	这个词很丰富	not_entailment
这个词很紧凑	这个词是悲伤的。	not_entailment
这个企业很成熟。	这个生意很令人害怕	not_entailment
这个生意令人害怕	这个企业很成熟。	not_entailment
该函数效率高。	这个功能是无价的	not_entailment
这个功能是无价的	该函数效率高。	not_entailment
疼痛难忍。	痛苦正在加剧	not_entailment
疼痛正在加剧	疼痛难忍。	not_entailment
总统很虚弱。	总统很古怪	not_entailment
总统很古怪	总统很弱。	not_entailment
英联邦是好的。	英联邦正处于动荡之中	not_entailment
英联邦正处于动荡之中	英联邦是好的。	not_entailment
这个名字很有名。	这个名字是沸腾	not_entailment
这个名字很热烈	这个名字很有名。	not_entailment
这个词令人毛骨悚然。	单词是“冻结”	not_entailment
这个词是冻结	这个词让人毛骨悚然。	not_entailment
这场狂欢是暴力的。	这场狂欢令人惊叹。	not_entailment
这场狂欢令人震惊	这场狂欢是激烈的。	not_entailment
这个概念很可爱。	这个概念很强大	not_entailment
这个概念令人敬畏	这个概念很可爱。	not_entailment
这个主题很有趣。	主题是湿的	not_entailment
主体是湿的	这个主题很有趣。	not_entailment
该命令是合适的。	订单非常好	not_entailment
订单很棒	该命令是适当的。	not_entailment
这段经历很不愉快。	该体验很贫乏	not_entailment
该体验很贫乏	这次经历令人不愉快。	not_entailment
感觉很悲观。	这种感觉很沉重	not_entailment
这种感觉很沉重	感觉很悲观。	not_entailment
这道数学题很简单。	这道数学题真恶心	not_entailment
这道数学题太难看了	这道数学题很简单。	not_entailment
这个系统疯了。	该系统贫乏	not_entailment
该系统贫乏	这个系统疯了。	not_entailment
这个购物者饿了。	购物者很精明	not_entailment
这位购物者很精明。	购物者饿了。	not_entailment
世界很快乐。	世界令人厌恶	not_entailment
这个世界令人厌恶	世界很快乐。	not_entailment
这些陶器很有吸引力。	这个陶器很吓人	not_entailment
这个陶器很吓人	这个陶器很有吸引力。	not_entailment
这项任务很难。	这项任务非常出色	not_entailment
这项任务非常出色	这项任务很难。	not_entailment
顶部很干净。	顶部非常出色	not_entailment
顶部非常出色	顶部很干净。	not_entailment
刘易斯很虚弱。	刘易斯很吓人	not_entailment
刘易斯很吓人	刘易斯很虚弱。	not_entailment
农夫累了。	农夫是无止境的	not_entailment
农夫是无尽的	农夫累了。	not_entailment
蓝牙很智能。	蓝牙技术令人惊叹	not_entailment
蓝牙技术令人惊叹	蓝牙是智能的。	not_entailment
布兰妮很可爱。	布兰妮对此很痴迷。	not_entailment
布兰妮对此很着迷。	布兰妮很可爱。	not_entailment
木材是干燥的。	木材正在饿死	not_entailment
木材正饿得要命	木材是干燥的。	not_entailment
这个桶很烫。	这个桶很高兴	not_entailment
这个桶很高兴	桶很热。	not_entailment
地板是干的。	地板很恶心	not_entailment
地板很恶心	地板是干的。	not_entailment
这种感觉令人毛骨悚然。	感觉很强烈	not_entailment
感觉很强烈	这种感觉令人毛骨悚然。	not_entailment
气氛令人毛骨悚然。	气氛绝望	not_entailment
气氛令人绝望	气氛令人毛骨悚然。	not_entailment
这个水果不好吃。	这个水果快要饿死了	not_entailment
这个水果快要饿死了	这个水果不好吃。	not_entailment
这个工作很简单。	这个工作很微弱	not_entailment
这份工作很微弱	这个工作很简单。	not_entailment
大厅很热闹。	大厅里充满喜悦	not_entailment
大厅里充满了喜悦的情绪。	大厅很热闹。	not_entailment
这片树林很不寻常。	这片树林很丑陋	not_entailment
这片树林丑陋不堪。	这个林地很不寻常。	not_entailment
这项资产很有价值。	这个资产很愚蠢	not_entailment
这个资产很愚蠢	这项资产很有价值。	not_entailment
土壤是冷的。	土壤是诱人的	not_entailment
土壤极具吸引力	土壤是冷的。	not_entailment
这个烹饪很美味。	这道菜烧焦了	not_entailment
这个烹饪方式很重口味	这个烹饪很美味。	not_entailment
街道是潮湿的。	这条街至关重要	not_entailment
这条街道至关重要	街道是潮湿的。	not_entailment
这条狗累了。	这只狗很完美	not_entailment
这只狗很完美	这条狗累了。	not_entailment
亚历山大很重要。	亚历山大很讨厌	not_entailment
亚历山大令人讨厌	亚历山大很重要。	not_entailment
选择很困难。	选择很小	not_entailment
选择很小	选择很困难。	not_entailment
英联邦是合适的。	英联邦很悲惨	not_entailment
英联邦陷入了困苦之中。	英联邦是合适的。	not_entailment
间谍很聪明。	间谍很丑陋	not_entailment
间谍很丑陋	间谍很狡猾。	not_entailment
这家伙真烦人。	这个家伙快冻僵了	not_entailment
这个家伙冻僵了	这家伙很烦人。	not_entailment
这个小孩很胖。	这个孩子欣喜若狂	not_entailment
这个孩子欣喜若狂	这个小孩很胖。	not_entailment
此举是明智的。	这一行动悄无声息。	not_entailment
此举无声无息	此举是明智的。	not_entailment
该平台很有价值。	这个平台令人害怕	not_entailment
这个平台令人害怕	该平台很有价值。	not_entailment
这个孩子很坚韧。	这个孩子很显眼。	not_entailment
这个孩子很显眼。	这孩子很坚韧。	not_entailment
噪声很大。	噪音令人绝望	not_entailment
噪音让人绝望	噪音很多。	not_entailment
这种动态很奇怪。	这种动力是过度的	not_entailment
这种动态过于臃肿	这个情况很奇怪。	not_entailment
情节阴郁。	这个情节很吸引人	not_entailment
这个情节很吸引人	这个情节很凄凉。	not_entailment
这首歌不好听。	这首歌价格高昂	not_entailment
这首歌价格高昂	这首歌不好听。	not_entailment
床很舒服。	床在沸腾	not_entailment
床在沸腾	这张床很好。	not_entailment
表面很干净。	表面一片寂静	not_entailment
表面沉默无声	表面很干净。	not_entailment
铁匠很瘦。	铁匠很可爱	not_entailment
铁匠很可爱	铁匠很瘦。	not_entailment
这种方法很有效率。	这种方法受挫了	not_entailment
这种方法行不通	这种方法很有效率。	not_entailment
厨房很高效。	厨房棒极了	not_entailment
厨房棒极了	厨房很高效。	not_entailment
陶器很坚硬。	陶器很丰富	not_entailment
陶器丰富	陶器很坚硬。	not_entailment
市场很热闹。	市场令人厌恶	not_entailment
市场令人厌恶	市场很热闹。	not_entailment
这条路很危险。	这条路很糟糕	not_entailment
这条路很糟糕	这条路很危险。	not_entailment
老板很开心。	老板很可怕	not_entailment
老板很可怕	老板很开心。	not_entailment
这个数字具有误导性。	这个数字太棒了	not_entailment
这个数字太棒了	这个数字具有误导性。	not_entailment
这条牛仔裤很薄。	这条牛仔裤很冒险	not_entailment
这条牛仔裤很冒险	这条牛仔裤很薄。	not_entailment
铁匠身体虚弱。	铁匠是无止境的	not_entailment
铁匠的工作是无止境的	铁匠身体虚弱。	not_entailment
答案令人悲伤。	答案是贫困的	not_entailment
答案是贫困的	答案令人悲伤。	not_entailment
对比令人不悦。	对照非常贫乏	not_entailment
对照十分贫乏	对比令人不悦。	not_entailment
气氛阴郁。	气氛很痴迷	not_entailment
心情很痴迷	气氛阴郁。	not_entailment
这个系统令人讨厌。	系统已经成熟。	not_entailment
系统已经成熟。	这个系统很烦人。	not_entailment
耶稣是个人。	耶稣很痴迷	not_entailment
耶稣很着迷	耶稣是个人性的。	not_entailment
这次旅行很快。	这次旅行非常令人绝望	not_entailment
这次旅行非常令人绝望	这次旅行很快。	not_entailment
此举是必要的。	这一举动非常棒	not_entailment
这个动作太棒了	此举是必要的。	not_entailment
答案很简单。	答案是凶残的	not_entailment
答案是凶残的	答案很简单。	not_entailment
公爵很开心。	公爵身体虚弱	not_entailment
公爵身体虚弱	公爵很开心。	not_entailment
能源很充足。	能量耗尽了	not_entailment
能量耗尽了	能量十分充足。	not_entailment
角落里光线昏暗。	这个角落毫无希望	not_entailment
这个角落毫无希望	角落很暗。	not_entailment
磨坊主很开心。	磨坊主口渴了	not_entailment
磨坊主口渴了	磨坊主很高兴。	not_entailment
这个女孩很漂亮。	这个女孩很完美	not_entailment
这个女孩很完美	这个女孩很漂亮。	not_entailment
另一种选择很艰难。	另一种选择令人惊叹	not_entailment
另一种选择令人惊叹	替代方案很困难。	not_entailment
水很烫。	水极度缺乏。	not_entailment
水极度缺乏。	水很热。	not_entailment
秋天来得很快。	秋天充满活力	not_entailment
秋天充满活力	秋天来得很快。	not_entailment
这个女孩很开心。	这个女孩非常漂亮	not_entailment
这个女孩非常漂亮	这个女孩很开心。	not_entailment
这个行为很奇怪。	这种行为是疯狂的。	not_entailment
这种行为太疯狂了	这个行为很奇怪。	not_entailment
老鼠饿了。	老鼠正在冻僵	not_entailment
老鼠正在冻僵	老鼠饿了。	not_entailment
这个概念很奇特。	这个概念很吸引人	not_entailment
这个概念很吸引人	这个概念很奇怪。	not_entailment
